audio_features/danceability,audio_features/energy,audio_features/key,audio_features/loudness,audio_features/mode,audio_features/speechiness,audio_features/acousticness,audio_features/instrumentalness,audio_features/liveness,audio_features/valence,audio_features/tempo,audio_features/type,audio_features/id,audio_features/uri,audio_features/track_href,audio_features/analysis_url,audio_features/duration_ms,audio_features/time_signature
0.609,0.584,9,-9.734,1,0.0353,0.725,0,0.0854,0.954,127.306,audio_features,52HAHV1j93s5B8GoTNI7DJ,spotify:track:52HAHV1j93s5B8GoTNI7DJ,https://api.spotify.com/v1/tracks/52HAHV1j93s5B8GoTNI7DJ,https://api.spotify.com/v1/audio-analysis/52HAHV1j93s5B8GoTNI7DJ,176933,4
0.557,0.54,9,-10.484,1,0.0347,0.0339,0.00248,0.179,0.394,129.171,audio_features,6dGnYIeXmHdcikdzNNDMm2,spotify:track:6dGnYIeXmHdcikdzNNDMm2,https://api.spotify.com/v1/tracks/6dGnYIeXmHdcikdzNNDMm2,https://api.spotify.com/v1/audio-analysis/6dGnYIeXmHdcikdzNNDMm2,185733,4
0.663,0.6,7,-10.87,1,0.032,0.43,0,0.184,0.8,129.991,audio_features,7tqhbajSfrz2F7E1Z75ASX,spotify:track:7tqhbajSfrz2F7E1Z75ASX,https://api.spotify.com/v1/tracks/7tqhbajSfrz2F7E1Z75ASX,https://api.spotify.com/v1/audio-analysis/7tqhbajSfrz2F7E1Z75ASX,151667,4
0.491,0.583,7,-10.964,1,0.0376,0.185,0,0.406,0.908,150.566,audio_features,3yrSvpt2l1xhsV9Em88Pul,spotify:track:3yrSvpt2l1xhsV9Em88Pul,https://api.spotify.com/v1/tracks/3yrSvpt2l1xhsV9Em88Pul,https://api.spotify.com/v1/audio-analysis/3yrSvpt2l1xhsV9Em88Pul,183307,4
0.473,0.434,2,-10.02,1,0.0257,0.701,0,0.628,0.711,94.814,audio_features,7ngRS53kqxLcEt9Pythc5d,spotify:track:7ngRS53kqxLcEt9Pythc5d,https://api.spotify.com/v1/tracks/7ngRS53kqxLcEt9Pythc5d,https://api.spotify.com/v1/audio-analysis/7ngRS53kqxLcEt9Pythc5d,150000,3
0.552,0.608,1,-9.786,0,0.0345,0.352,0,0.0533,0.637,112.367,audio_features,4s6LhHAV5SEsOV0lC2tjvJ,spotify:track:4s6LhHAV5SEsOV0lC2tjvJ,https://api.spotify.com/v1/tracks/4s6LhHAV5SEsOV0lC2tjvJ,https://api.spotify.com/v1/audio-analysis/4s6LhHAV5SEsOV0lC2tjvJ,162373,4
0.769,0.367,2,-11.226,1,0.0312,0.684,0.0000162,0.081,0.535,103.621,audio_features,3zBhihYUHBmGd2bcQIobrF,spotify:track:3zBhihYUHBmGd2bcQIobrF,https://api.spotify.com/v1/tracks/3zBhihYUHBmGd2bcQIobrF,https://api.spotify.com/v1/audio-analysis/3zBhihYUHBmGd2bcQIobrF,163756,4
0.396,0.293,2,-14.062,1,0.0275,0.941,0.000196,0.105,0.343,100.307,audio_features,44AyOl4qVkzS48vBsbNXaC,spotify:track:44AyOl4qVkzS48vBsbNXaC,https://api.spotify.com/v1/tracks/44AyOl4qVkzS48vBsbNXaC,https://api.spotify.com/v1/audio-analysis/44AyOl4qVkzS48vBsbNXaC,182360,3
0.271,0.165,5,-20.652,1,0.0351,0.729,0.0000016,0.118,0.203,77.082,audio_features,29U7stRjqHU6rMiS8BfaI9,spotify:track:29U7stRjqHU6rMiS8BfaI9,https://api.spotify.com/v1/tracks/29U7stRjqHU6rMiS8BfaI9,https://api.spotify.com/v1/audio-analysis/29U7stRjqHU6rMiS8BfaI9,139227,4
0.529,0.127,11,-16.066,1,0.0274,0.611,0.000109,0.237,0.578,63.05,audio_features,62AuGbAkt8Ox2IrFFb8GKV,spotify:track:62AuGbAkt8Ox2IrFFb8GKV,https://api.spotify.com/v1/tracks/62AuGbAkt8Ox2IrFFb8GKV,https://api.spotify.com/v1/audio-analysis/62AuGbAkt8Ox2IrFFb8GKV,203573,4
0.274,0.348,5,-8.631,1,0.0293,0.547,0.0133,0.334,0.328,87.43,audio_features,4Hhv2vrOTy89HFRcjU3QOx,spotify:track:4Hhv2vrOTy89HFRcjU3QOx,https://api.spotify.com/v1/tracks/4Hhv2vrOTy89HFRcjU3QOx,https://api.spotify.com/v1/audio-analysis/4Hhv2vrOTy89HFRcjU3QOx,179693,3
0.482,0.849,2,-9.198,1,0.0452,0.641,0.00000774,0.0414,0.937,124.631,audio_features,5ZBeML7Lf3FMEVviTyvi8l,spotify:track:5ZBeML7Lf3FMEVviTyvi8l,https://api.spotify.com/v1/tracks/5ZBeML7Lf3FMEVviTyvi8l,https://api.spotify.com/v1/audio-analysis/5ZBeML7Lf3FMEVviTyvi8l,155227,4
0.592,0.355,9,-14.051,1,0.0352,0.478,0,0.0585,0.499,133.032,audio_features,3NfxSdJnVdon1axzloJgba,spotify:track:3NfxSdJnVdon1axzloJgba,https://api.spotify.com/v1/tracks/3NfxSdJnVdon1axzloJgba,https://api.spotify.com/v1/audio-analysis/3NfxSdJnVdon1axzloJgba,216773,4
0.534,0.803,10,-9.129,1,0.0743,0.741,0.0000607,0.307,0.969,167.983,audio_features,2QfiRTz5Yc8DdShCxG1tB2,spotify:track:2QfiRTz5Yc8DdShCxG1tB2,https://api.spotify.com/v1/tracks/2QfiRTz5Yc8DdShCxG1tB2,https://api.spotify.com/v1/audio-analysis/2QfiRTz5Yc8DdShCxG1tB2,161560,4
0.606,0.457,6,-14.035,0,0.0497,0.713,0.0000253,0.0747,0.813,92.033,audio_features,0iOZM63lendWRTTeKhZBSC,spotify:track:0iOZM63lendWRTTeKhZBSC,https://api.spotify.com/v1/tracks/0iOZM63lendWRTTeKhZBSC,https://api.spotify.com/v1/audio-analysis/0iOZM63lendWRTTeKhZBSC,244027,4
0.584,0.367,6,-9.638,0,0.0328,0.55,0.0000138,0.0818,0.588,120.175,audio_features,1JO1xLtVc8mWhIoE3YaCL0,spotify:track:1JO1xLtVc8mWhIoE3YaCL0,https://api.spotify.com/v1/tracks/1JO1xLtVc8mWhIoE3YaCL0,https://api.spotify.com/v1/audio-analysis/1JO1xLtVc8mWhIoE3YaCL0,176293,4
0.257,0.338,4,-12.902,1,0.0357,0.736,0,0.252,0.544,207.356,audio_features,4feXcsElKIVsGwkbnTHAfV,spotify:track:4feXcsElKIVsGwkbnTHAfV,https://api.spotify.com/v1/tracks/4feXcsElKIVsGwkbnTHAfV,https://api.spotify.com/v1/audio-analysis/4feXcsElKIVsGwkbnTHAfV,162493,4
0.63,0.711,10,-9.34,1,0.0472,0.299,0,0.0813,0.659,96.912,audio_features,1OppEieGNdItZbE14gLBEv,spotify:track:1OppEieGNdItZbE14gLBEv,https://api.spotify.com/v1/tracks/1OppEieGNdItZbE14gLBEv,https://api.spotify.com/v1/audio-analysis/1OppEieGNdItZbE14gLBEv,167933,4
0.425,0.373,4,-7.543,1,0.0801,0.686,0,0.077,0.663,78.231,audio_features,4QxDOjgpYtQDxxbWPuEJOy,spotify:track:4QxDOjgpYtQDxxbWPuEJOy,https://api.spotify.com/v1/tracks/4QxDOjgpYtQDxxbWPuEJOy,https://api.spotify.com/v1/audio-analysis/4QxDOjgpYtQDxxbWPuEJOy,155307,4
0.805,0.558,0,-5.226,1,0.041,0.164,0.000022,0.0546,0.965,114.95,audio_features,7s25THrKz86DM225dOYwnr,spotify:track:7s25THrKz86DM225dOYwnr,https://api.spotify.com/v1/tracks/7s25THrKz86DM225dOYwnr,https://api.spotify.com/v1/audio-analysis/7s25THrKz86DM225dOYwnr,147600,4
0.598,0.571,8,-12.616,0,0.139,0.704,0,0.513,0.962,173.141,audio_features,5dUMh0ugelpKfoFp3qChuK,spotify:track:5dUMh0ugelpKfoFp3qChuK,https://api.spotify.com/v1/tracks/5dUMh0ugelpKfoFp3qChuK,https://api.spotify.com/v1/audio-analysis/5dUMh0ugelpKfoFp3qChuK,119880,4
0.581,0.78,4,-7.053,1,0.0567,0.508,0.0000107,0.0799,0.561,123.711,audio_features,0bfvHnWWOeU1U5XeKyVLbW,spotify:track:0bfvHnWWOeU1U5XeKyVLbW,https://api.spotify.com/v1/tracks/0bfvHnWWOeU1U5XeKyVLbW,https://api.spotify.com/v1/audio-analysis/0bfvHnWWOeU1U5XeKyVLbW,203680,4
0.524,0.519,6,-11.903,1,0.043,0.195,0,0.523,0.847,110.121,audio_features,4kP69y3GKHi9tXckfgp4bK,spotify:track:4kP69y3GKHi9tXckfgp4bK,https://api.spotify.com/v1/tracks/4kP69y3GKHi9tXckfgp4bK,https://api.spotify.com/v1/audio-analysis/4kP69y3GKHi9tXckfgp4bK,169800,4
0.476,0.722,0,-10.017,1,0.0646,0.598,0,0.184,0.909,92.966,audio_features,3TlIt0ReIxPsVZcOEivT5U,spotify:track:3TlIt0ReIxPsVZcOEivT5U,https://api.spotify.com/v1/tracks/3TlIt0ReIxPsVZcOEivT5U,https://api.spotify.com/v1/audio-analysis/3TlIt0ReIxPsVZcOEivT5U,119800,4
0.526,0.775,0,-6.05,1,0.0352,0.707,0.0000205,0.217,0.962,80.106,audio_features,3G7tRC24Uh09Hmp1KZ7LQ2,spotify:track:3G7tRC24Uh09Hmp1KZ7LQ2,https://api.spotify.com/v1/tracks/3G7tRC24Uh09Hmp1KZ7LQ2,https://api.spotify.com/v1/audio-analysis/3G7tRC24Uh09Hmp1KZ7LQ2,167373,4
0.711,0.362,3,-10.851,0,0.0381,0.272,0,0.127,0.616,117.287,audio_features,1tqT6DhmsrtQgyCKUwotiw,spotify:track:1tqT6DhmsrtQgyCKUwotiw,https://api.spotify.com/v1/tracks/1tqT6DhmsrtQgyCKUwotiw,https://api.spotify.com/v1/audio-analysis/1tqT6DhmsrtQgyCKUwotiw,194293,4
0.525,0.216,6,-13.551,1,0.0301,0.837,0,0.107,0.328,106.761,audio_features,5y788ya4NvwhBznoDIcXwK,spotify:track:5y788ya4NvwhBznoDIcXwK,https://api.spotify.com/v1/tracks/5y788ya4NvwhBznoDIcXwK,https://api.spotify.com/v1/audio-analysis/5y788ya4NvwhBznoDIcXwK,185413,4
0.487,0.382,7,-10.889,1,0.0309,0.0422,0.00000474,0.411,0.714,116.557,audio_features,1H5IfYyIIAlgDX8zguUzns,spotify:track:1H5IfYyIIAlgDX8zguUzns,https://api.spotify.com/v1/tracks/1H5IfYyIIAlgDX8zguUzns,https://api.spotify.com/v1/audio-analysis/1H5IfYyIIAlgDX8zguUzns,261280,4
0.64,0.664,0,-4.73,1,0.0289,0.196,0,0.31,0.879,134.002,audio_features,1tfZtA15BfJHQTUy3dqTKC,spotify:track:1tfZtA15BfJHQTUy3dqTKC,https://api.spotify.com/v1/tracks/1tfZtA15BfJHQTUy3dqTKC,https://api.spotify.com/v1/audio-analysis/1tfZtA15BfJHQTUy3dqTKC,180133,4
0.525,0.852,7,-9.519,1,0.222,0.731,0.0000511,0.218,0.884,157.404,audio_features,6FT83pFXKhDlXDsNJFAHWz,spotify:track:6FT83pFXKhDlXDsNJFAHWz,https://api.spotify.com/v1/tracks/6FT83pFXKhDlXDsNJFAHWz,https://api.spotify.com/v1/audio-analysis/6FT83pFXKhDlXDsNJFAHWz,161907,4
0.413,0.313,7,-13.138,1,0.0519,0.791,0.0000015,0.0727,0.349,92.515,audio_features,27hhIs2fp6w06N5zx4Eaa5,spotify:track:27hhIs2fp6w06N5zx4Eaa5,https://api.spotify.com/v1/tracks/27hhIs2fp6w06N5zx4Eaa5,https://api.spotify.com/v1/audio-analysis/27hhIs2fp6w06N5zx4Eaa5,194427,4
0.259,0.473,5,-8.275,1,0.0295,0.592,0,0.201,0.539,90.348,audio_features,74VR3AkGPhbYXnxcOYa16x,spotify:track:74VR3AkGPhbYXnxcOYa16x,https://api.spotify.com/v1/tracks/74VR3AkGPhbYXnxcOYa16x,https://api.spotify.com/v1/audio-analysis/74VR3AkGPhbYXnxcOYa16x,157867,4
0.803,0.338,6,-14.029,1,0.0349,0.196,0.038,0.097,0.912,106.841,audio_features,6PgVDY8GTkxF3GmhVGPzoB,spotify:track:6PgVDY8GTkxF3GmhVGPzoB,https://api.spotify.com/v1/tracks/6PgVDY8GTkxF3GmhVGPzoB,https://api.spotify.com/v1/audio-analysis/6PgVDY8GTkxF3GmhVGPzoB,155707,4
0.48,0.482,7,-11.45,0,0.0362,0.25,0.000289,0.345,0.684,128.16,audio_features,0bhwnn2xqnBUcMZDcXNuII,spotify:track:0bhwnn2xqnBUcMZDcXNuII,https://api.spotify.com/v1/tracks/0bhwnn2xqnBUcMZDcXNuII,https://api.spotify.com/v1/audio-analysis/0bhwnn2xqnBUcMZDcXNuII,144000,4
0.55,0.854,3,-5.968,1,0.036,0.661,0,0.112,0.965,159.231,audio_features,0wz1LjDb9ZNEYwOmDJ3Q4b,spotify:track:0wz1LjDb9ZNEYwOmDJ3Q4b,https://api.spotify.com/v1/tracks/0wz1LjDb9ZNEYwOmDJ3Q4b,https://api.spotify.com/v1/audio-analysis/0wz1LjDb9ZNEYwOmDJ3Q4b,149373,4
0.295,0.584,9,-6.696,0,0.0345,0.000385,0.218,0.0996,0.228,117.2,audio_features,7BY005dacJkbO6EPiOh2wb,spotify:track:7BY005dacJkbO6EPiOh2wb,https://api.spotify.com/v1/tracks/7BY005dacJkbO6EPiOh2wb,https://api.spotify.com/v1/audio-analysis/7BY005dacJkbO6EPiOh2wb,271280,3
0.634,0.677,2,-7.19,1,0.0448,0.318,0,0.0902,0.939,95.792,audio_features,5qyq1H5OPMlfuvZQ1wQNo7,spotify:track:5qyq1H5OPMlfuvZQ1wQNo7,https://api.spotify.com/v1/tracks/5qyq1H5OPMlfuvZQ1wQNo7,https://api.spotify.com/v1/audio-analysis/5qyq1H5OPMlfuvZQ1wQNo7,179120,4
0.358,0.387,7,-14.342,1,0.0324,0.746,0.0121,0.119,0.495,181.183,audio_features,1B5Tp2Ml9nLlmTSJx8xVfI,spotify:track:1B5Tp2Ml9nLlmTSJx8xVfI,https://api.spotify.com/v1/tracks/1B5Tp2Ml9nLlmTSJx8xVfI,https://api.spotify.com/v1/audio-analysis/1B5Tp2Ml9nLlmTSJx8xVfI,218440,4
0.595,0.643,5,-9.275,1,0.0365,0.76,0,0.538,0.73,135.633,audio_features,5uES1C2NgkdrNHiCwf9jRr,spotify:track:5uES1C2NgkdrNHiCwf9jRr,https://api.spotify.com/v1/tracks/5uES1C2NgkdrNHiCwf9jRr,https://api.spotify.com/v1/audio-analysis/5uES1C2NgkdrNHiCwf9jRr,158040,4
0.521,0.516,2,-7.456,0,0.0369,0.723,0,0.257,0.569,136.483,audio_features,3KzgdYUlqV6TOG7JCmx2Wg,spotify:track:3KzgdYUlqV6TOG7JCmx2Wg,https://api.spotify.com/v1/tracks/3KzgdYUlqV6TOG7JCmx2Wg,https://api.spotify.com/v1/audio-analysis/3KzgdYUlqV6TOG7JCmx2Wg,172480,4
0.349,0.182,5,-13.507,1,0.031,0.92,0.0152,0.143,0.178,136.094,audio_features,648TTtYB0bH0P8Hfy0FmkL,spotify:track:648TTtYB0bH0P8Hfy0FmkL,https://api.spotify.com/v1/tracks/648TTtYB0bH0P8Hfy0FmkL,https://api.spotify.com/v1/audio-analysis/648TTtYB0bH0P8Hfy0FmkL,191973,3
0.684,0.247,5,-13.71,1,0.0281,0.872,0.000166,0.113,0.768,106.522,audio_features,7caj6X6NMX3tlhWnu1du6V,spotify:track:7caj6X6NMX3tlhWnu1du6V,https://api.spotify.com/v1/tracks/7caj6X6NMX3tlhWnu1du6V,https://api.spotify.com/v1/audio-analysis/7caj6X6NMX3tlhWnu1du6V,116627,3
0.556,0.61,9,-4.729,1,0.213,0.833,0.00000222,0.258,0.665,199.373,audio_features,2xar08Fq5xra2KKZs5Bw9j,spotify:track:2xar08Fq5xra2KKZs5Bw9j,https://api.spotify.com/v1/tracks/2xar08Fq5xra2KKZs5Bw9j,https://api.spotify.com/v1/audio-analysis/2xar08Fq5xra2KKZs5Bw9j,171467,4
0.516,0.15,1,-20.41,1,0.0272,0.13,0.0755,0.122,0.205,97.398,audio_features,51FpzuGkRYXFgsE2zXt9av,spotify:track:51FpzuGkRYXFgsE2zXt9av,https://api.spotify.com/v1/tracks/51FpzuGkRYXFgsE2zXt9av,https://api.spotify.com/v1/audio-analysis/51FpzuGkRYXFgsE2zXt9av,173867,3
0.482,0.721,0,-6.839,1,0.0321,0.731,0,0.189,0.557,95.263,audio_features,3AhXZa8sUQht0UEdBJgpGc,spotify:track:3AhXZa8sUQht0UEdBJgpGc,https://api.spotify.com/v1/tracks/3AhXZa8sUQht0UEdBJgpGc,https://api.spotify.com/v1/audio-analysis/3AhXZa8sUQht0UEdBJgpGc,369600,4
0.547,0.335,4,-9.2,0,0.0307,0.747,0,0.101,0.474,115.838,audio_features,2DpJ9T2RVRanZcYFHKOAfA,spotify:track:2DpJ9T2RVRanZcYFHKOAfA,https://api.spotify.com/v1/tracks/2DpJ9T2RVRanZcYFHKOAfA,https://api.spotify.com/v1/audio-analysis/2DpJ9T2RVRanZcYFHKOAfA,154733,3
0.511,0.769,4,-7.032,1,0.042,0.181,0,0.0921,0.818,129.657,audio_features,2G2YzndIA6jeWFPBXhUjh5,spotify:track:2G2YzndIA6jeWFPBXhUjh5,https://api.spotify.com/v1/tracks/2G2YzndIA6jeWFPBXhUjh5,https://api.spotify.com/v1/audio-analysis/2G2YzndIA6jeWFPBXhUjh5,160907,4
0.366,0.391,3,-12.322,1,0.0425,0.854,0,0.352,0.461,119.182,audio_features,5I9sHwLDX28tLtzVgKLtpr,spotify:track:5I9sHwLDX28tLtzVgKLtpr,https://api.spotify.com/v1/tracks/5I9sHwLDX28tLtzVgKLtpr,https://api.spotify.com/v1/audio-analysis/5I9sHwLDX28tLtzVgKLtpr,164547,3
0.628,0.42,9,-10.547,1,0.177,0.395,0.00000255,0.104,0.337,165.304,audio_features,2HEgBBls7l0smWTxPx0MtZ,spotify:track:2HEgBBls7l0smWTxPx0MtZ,https://api.spotify.com/v1/tracks/2HEgBBls7l0smWTxPx0MtZ,https://api.spotify.com/v1/audio-analysis/2HEgBBls7l0smWTxPx0MtZ,166133,4
0.51,0.488,7,-10.304,1,0.0304,0.256,0,0.11,0.649,125.683,audio_features,7uEcCGtM1FBBGIhPozhJjv,spotify:track:7uEcCGtM1FBBGIhPozhJjv,https://api.spotify.com/v1/tracks/7uEcCGtM1FBBGIhPozhJjv,https://api.spotify.com/v1/audio-analysis/7uEcCGtM1FBBGIhPozhJjv,179613,4
0.747,0.226,7,-13.635,1,0.0414,0.908,0.000168,0.107,0.778,123.792,audio_features,65jrjEhWfAvysKfnojk1i0,spotify:track:65jrjEhWfAvysKfnojk1i0,https://api.spotify.com/v1/tracks/65jrjEhWfAvysKfnojk1i0,https://api.spotify.com/v1/audio-analysis/65jrjEhWfAvysKfnojk1i0,161960,4
0.212,0.383,10,-10.071,1,0.0347,0.723,0,0.299,0.452,173.79,audio_features,0KOE1hat4SIer491XKk4Pa,spotify:track:0KOE1hat4SIer491XKk4Pa,https://api.spotify.com/v1/tracks/0KOE1hat4SIer491XKk4Pa,https://api.spotify.com/v1/audio-analysis/0KOE1hat4SIer491XKk4Pa,191160,3
0.533,0.729,7,-7.227,0,0.0714,0.563,0,0.159,0.884,78.67,audio_features,64VP3skE86iTvdOlbzuIcO,spotify:track:64VP3skE86iTvdOlbzuIcO,https://api.spotify.com/v1/tracks/64VP3skE86iTvdOlbzuIcO,https://api.spotify.com/v1/audio-analysis/64VP3skE86iTvdOlbzuIcO,111536,4
0.604,0.709,8,-6.377,1,0.158,0.0987,0,0.0551,0.907,167.832,audio_features,1INWPr855fwWdAOeecbu0W,spotify:track:1INWPr855fwWdAOeecbu0W,https://api.spotify.com/v1/tracks/1INWPr855fwWdAOeecbu0W,https://api.spotify.com/v1/audio-analysis/1INWPr855fwWdAOeecbu0W,137360,4
0.79,0.41,0,-13.241,1,0.0343,0.263,0.00314,0.174,0.815,112.345,audio_features,4eGHlplaq1ME8oetnTuFFf,spotify:track:4eGHlplaq1ME8oetnTuFFf,https://api.spotify.com/v1/tracks/4eGHlplaq1ME8oetnTuFFf,https://api.spotify.com/v1/audio-analysis/4eGHlplaq1ME8oetnTuFFf,159000,4
0.747,0.243,4,-15.134,0,0.124,0.829,0.00000102,0.0905,0.426,118.661,audio_features,5Lhjlnly9Ynhf52ojQS534,spotify:track:5Lhjlnly9Ynhf52ojQS534,https://api.spotify.com/v1/tracks/5Lhjlnly9Ynhf52ojQS534,https://api.spotify.com/v1/audio-analysis/5Lhjlnly9Ynhf52ojQS534,215747,4
0.401,0.498,4,-10.682,1,0.0757,0.394,0,0.13,0.816,181.701,audio_features,7odHgoLFi3GQ90E9PeraI3,spotify:track:7odHgoLFi3GQ90E9PeraI3,https://api.spotify.com/v1/tracks/7odHgoLFi3GQ90E9PeraI3,https://api.spotify.com/v1/audio-analysis/7odHgoLFi3GQ90E9PeraI3,149160,4
0.392,0.629,5,-7.056,1,0.0335,0.718,0.00000376,0.129,0.72,124.511,audio_features,2Gy7qnDwt8Z3MNxqat4CsK,spotify:track:2Gy7qnDwt8Z3MNxqat4CsK,https://api.spotify.com/v1/tracks/2Gy7qnDwt8Z3MNxqat4CsK,https://api.spotify.com/v1/audio-analysis/2Gy7qnDwt8Z3MNxqat4CsK,153205,4
0.364,0.607,2,-9.791,1,0.125,0.451,0,0.251,0.598,79.987,audio_features,1DndHckdH9m5rp6gYP086b,spotify:track:1DndHckdH9m5rp6gYP086b,https://api.spotify.com/v1/tracks/1DndHckdH9m5rp6gYP086b,https://api.spotify.com/v1/audio-analysis/1DndHckdH9m5rp6gYP086b,171600,4
0.797,0.105,1,-16.881,1,0.0969,0.885,0.000116,0.108,0.419,122.545,audio_features,4fHDlIntTsRGSyTg5UYZYC,spotify:track:4fHDlIntTsRGSyTg5UYZYC,https://api.spotify.com/v1/tracks/4fHDlIntTsRGSyTg5UYZYC,https://api.spotify.com/v1/audio-analysis/4fHDlIntTsRGSyTg5UYZYC,183133,4
0.567,0.959,8,-3.822,1,0.102,0.0995,0.0000607,0.1,0.961,137.377,audio_features,6tZdL3Zp8JgrfDbsSeSV1S,spotify:track:6tZdL3Zp8JgrfDbsSeSV1S,https://api.spotify.com/v1/tracks/6tZdL3Zp8JgrfDbsSeSV1S,https://api.spotify.com/v1/audio-analysis/6tZdL3Zp8JgrfDbsSeSV1S,133933,4
0.687,0.63,6,-10.817,1,0.0389,0.251,0,0.221,0.926,110.051,audio_features,4yQw7FR9lcvL6RHtegbJBh,spotify:track:4yQw7FR9lcvL6RHtegbJBh,https://api.spotify.com/v1/tracks/4yQw7FR9lcvL6RHtegbJBh,https://api.spotify.com/v1/audio-analysis/4yQw7FR9lcvL6RHtegbJBh,139733,4
0.496,0.703,7,-6.905,1,0.0376,0.525,0.00000208,0.305,0.936,130.915,audio_features,5Qe7NHxeLAn8KoLTNLSdwe,spotify:track:5Qe7NHxeLAn8KoLTNLSdwe,https://api.spotify.com/v1/tracks/5Qe7NHxeLAn8KoLTNLSdwe,https://api.spotify.com/v1/audio-analysis/5Qe7NHxeLAn8KoLTNLSdwe,146720,4
0.747,0.219,3,-12.562,1,0.0371,0.584,0.0000257,0.107,0.498,135.562,audio_features,39lnzOIUCSNaQmgBHoz7rt,spotify:track:39lnzOIUCSNaQmgBHoz7rt,https://api.spotify.com/v1/tracks/39lnzOIUCSNaQmgBHoz7rt,https://api.spotify.com/v1/audio-analysis/39lnzOIUCSNaQmgBHoz7rt,129120,4
0.632,0.59,5,-10.206,1,0.0305,0.346,0,0.24,0.953,130.287,audio_features,5c33j1xFVOL4G24zxYhssB,spotify:track:5c33j1xFVOL4G24zxYhssB,https://api.spotify.com/v1/tracks/5c33j1xFVOL4G24zxYhssB,https://api.spotify.com/v1/audio-analysis/5c33j1xFVOL4G24zxYhssB,172733,4
0.862,0.484,10,-11.183,1,0.0421,0.798,0.00105,0.105,0.787,105.834,audio_features,1TKPfF2fvn6gVLVfp3iG4j,spotify:track:1TKPfF2fvn6gVLVfp3iG4j,https://api.spotify.com/v1/tracks/1TKPfF2fvn6gVLVfp3iG4j,https://api.spotify.com/v1/audio-analysis/1TKPfF2fvn6gVLVfp3iG4j,163046,4
0.574,0.507,6,-11.343,1,0.0258,0.228,0.00000457,0.279,0.514,101.085,audio_features,5ZoDwIP1ntHwciLjydJ8X2,spotify:track:5ZoDwIP1ntHwciLjydJ8X2,https://api.spotify.com/v1/tracks/5ZoDwIP1ntHwciLjydJ8X2,https://api.spotify.com/v1/audio-analysis/5ZoDwIP1ntHwciLjydJ8X2,173307,4
0.612,0.144,6,-12.204,0,0.0352,0.88,0,0.203,0.343,128.629,audio_features,5OkKOkdVTKFrYi6GWXkMzR,spotify:track:5OkKOkdVTKFrYi6GWXkMzR,https://api.spotify.com/v1/tracks/5OkKOkdVTKFrYi6GWXkMzR,https://api.spotify.com/v1/audio-analysis/5OkKOkdVTKFrYi6GWXkMzR,181627,4
0.516,0.809,0,-6.419,1,0.0545,0.787,0.000331,0.303,0.939,75.099,audio_features,2aEeghgUcnu75tzcolFMfs,spotify:track:2aEeghgUcnu75tzcolFMfs,https://api.spotify.com/v1/tracks/2aEeghgUcnu75tzcolFMfs,https://api.spotify.com/v1/audio-analysis/2aEeghgUcnu75tzcolFMfs,126960,4
0.591,0.298,4,-12.269,0,0.06,0.549,0.00000222,0.0797,0.372,119.954,audio_features,7FXj7Qg3YorUxdrzvrcY25,spotify:track:7FXj7Qg3YorUxdrzvrcY25,https://api.spotify.com/v1/tracks/7FXj7Qg3YorUxdrzvrcY25,https://api.spotify.com/v1/audio-analysis/7FXj7Qg3YorUxdrzvrcY25,147520,4
0.433,0.174,5,-18.791,0,0.0537,0.982,0.101,0.111,0.366,95.802,audio_features,4JLcAU2xY90qTkTSNM1lUa,spotify:track:4JLcAU2xY90qTkTSNM1lUa,https://api.spotify.com/v1/tracks/4JLcAU2xY90qTkTSNM1lUa,https://api.spotify.com/v1/audio-analysis/4JLcAU2xY90qTkTSNM1lUa,162447,4
0.763,0.656,0,-6.86,1,0.0417,0.549,0,0.125,0.926,118.394,audio_features,4CoGNqLap7UGU5Q3VdKug0,spotify:track:4CoGNqLap7UGU5Q3VdKug0,https://api.spotify.com/v1/tracks/4CoGNqLap7UGU5Q3VdKug0,https://api.spotify.com/v1/audio-analysis/4CoGNqLap7UGU5Q3VdKug0,156173,4
0.4,0.48,7,-7.768,1,0.0295,0.346,0.000031,0.155,0.653,103.436,audio_features,68BTFws92cRztMS1oQ7Ewj,spotify:track:68BTFws92cRztMS1oQ7Ewj,https://api.spotify.com/v1/tracks/68BTFws92cRztMS1oQ7Ewj,https://api.spotify.com/v1/audio-analysis/68BTFws92cRztMS1oQ7Ewj,230387,4
0.7,0.33,5,-9.027,1,0.0303,0.719,0.000086,0.136,0.524,98.605,audio_features,3xsOtNxtBW0oTI1OWKAzTm,spotify:track:3xsOtNxtBW0oTI1OWKAzTm,https://api.spotify.com/v1/tracks/3xsOtNxtBW0oTI1OWKAzTm,https://api.spotify.com/v1/audio-analysis/3xsOtNxtBW0oTI1OWKAzTm,178333,4
0.587,0.133,9,-15.151,0,0.0565,0.186,0.0000226,0.258,0.068,102.938,audio_features,36AlMHDBFwSsD3FQOy1R81,spotify:track:36AlMHDBFwSsD3FQOy1R81,https://api.spotify.com/v1/tracks/36AlMHDBFwSsD3FQOy1R81,https://api.spotify.com/v1/audio-analysis/36AlMHDBFwSsD3FQOy1R81,201733,4
0.596,0.793,5,-6.611,1,0.0421,0.586,0.00000186,0.108,0.8,150.256,audio_features,0Omt3rVppHIlYFXNL1VWgL,spotify:track:0Omt3rVppHIlYFXNL1VWgL,https://api.spotify.com/v1/tracks/0Omt3rVppHIlYFXNL1VWgL,https://api.spotify.com/v1/audio-analysis/0Omt3rVppHIlYFXNL1VWgL,172947,4
0.423,0.681,10,-9.756,1,0.0398,0.0592,0.000177,0.0889,0.56,110.461,audio_features,7AzFID6u1b3zIWbd9pb8Dk,spotify:track:7AzFID6u1b3zIWbd9pb8Dk,https://api.spotify.com/v1/tracks/7AzFID6u1b3zIWbd9pb8Dk,https://api.spotify.com/v1/audio-analysis/7AzFID6u1b3zIWbd9pb8Dk,160307,4
0.75,0.444,4,-8.63,1,0.0403,0.12,0.00000369,0.118,0.849,111.919,audio_features,4NRQwaks9r58tTDvr4iEyv,spotify:track:4NRQwaks9r58tTDvr4iEyv,https://api.spotify.com/v1/tracks/4NRQwaks9r58tTDvr4iEyv,https://api.spotify.com/v1/audio-analysis/4NRQwaks9r58tTDvr4iEyv,157160,4
0.594,0.889,5,-7.775,1,0.246,0.768,0,0.124,0.8,116.187,audio_features,1zW2csx1vVJrKfvDrFQNVt,spotify:track:1zW2csx1vVJrKfvDrFQNVt,https://api.spotify.com/v1/tracks/1zW2csx1vVJrKfvDrFQNVt,https://api.spotify.com/v1/audio-analysis/1zW2csx1vVJrKfvDrFQNVt,221704,4
0.527,0.308,0,-11.809,1,0.0284,0.551,0.0000425,0.0921,0.514,136.297,audio_features,25IiJu0DjOqsnQXgNHWp5i,spotify:track:25IiJu0DjOqsnQXgNHWp5i,https://api.spotify.com/v1/tracks/25IiJu0DjOqsnQXgNHWp5i,https://api.spotify.com/v1/audio-analysis/25IiJu0DjOqsnQXgNHWp5i,160865,4
0.555,0.658,5,-3.866,1,0.0541,0.793,0,0.118,0.937,184.835,audio_features,2iXcvnD3d1gfLBum0cE5Eg,spotify:track:2iXcvnD3d1gfLBum0cE5Eg,https://api.spotify.com/v1/tracks/2iXcvnD3d1gfLBum0cE5Eg,https://api.spotify.com/v1/audio-analysis/2iXcvnD3d1gfLBum0cE5Eg,144227,4
0.691,0.762,11,-6.47,0,0.0367,0.462,0.0286,0.0804,0.957,128.111,audio_features,0Z3xhSOhrawLV81YdiDiiJ,spotify:track:0Z3xhSOhrawLV81YdiDiiJ,https://api.spotify.com/v1/tracks/0Z3xhSOhrawLV81YdiDiiJ,https://api.spotify.com/v1/audio-analysis/0Z3xhSOhrawLV81YdiDiiJ,187533,4
0.438,0.349,4,-15.569,1,0.038,0.338,0.000057,0.417,0.683,124.984,audio_features,1jcPcDu2YawPfLhwjYnqK2,spotify:track:1jcPcDu2YawPfLhwjYnqK2,https://api.spotify.com/v1/tracks/1jcPcDu2YawPfLhwjYnqK2,https://api.spotify.com/v1/audio-analysis/1jcPcDu2YawPfLhwjYnqK2,163587,4
0.57,0.529,5,-10.769,1,0.028,0.377,0.00509,0.203,0.934,123.273,audio_features,0PkBTqRtN25z3oKasWoKlj,spotify:track:0PkBTqRtN25z3oKasWoKlj,https://api.spotify.com/v1/tracks/0PkBTqRtN25z3oKasWoKlj,https://api.spotify.com/v1/audio-analysis/0PkBTqRtN25z3oKasWoKlj,145533,4
0.632,0.686,0,-6.116,0,0.0395,0.437,0,0.193,0.65,121.414,audio_features,3aCbwWCYCT3MJjZeUnlcp4,spotify:track:3aCbwWCYCT3MJjZeUnlcp4,https://api.spotify.com/v1/tracks/3aCbwWCYCT3MJjZeUnlcp4,https://api.spotify.com/v1/audio-analysis/3aCbwWCYCT3MJjZeUnlcp4,166027,4
0.66,0.583,4,-7.361,1,0.0512,0.282,0,0.0553,0.941,125.44,audio_features,48ZjHLkaHpXIlGGYUlb3bZ,spotify:track:48ZjHLkaHpXIlGGYUlb3bZ,https://api.spotify.com/v1/tracks/48ZjHLkaHpXIlGGYUlb3bZ,https://api.spotify.com/v1/audio-analysis/48ZjHLkaHpXIlGGYUlb3bZ,144147,4
0.623,0.709,1,-9.818,0,0.0636,0.102,0,0.0967,0.948,122.394,audio_features,0iA3xXSkSCiJywKyo1UKjQ,spotify:track:0iA3xXSkSCiJywKyo1UKjQ,https://api.spotify.com/v1/tracks/0iA3xXSkSCiJywKyo1UKjQ,https://api.spotify.com/v1/audio-analysis/0iA3xXSkSCiJywKyo1UKjQ,165381,4
0.451,0.818,2,-8.124,1,0.0439,0.135,0.0000292,0.052,0.755,124.532,audio_features,5qBqBdfTEIWJwAS0Jm2F5R,spotify:track:5qBqBdfTEIWJwAS0Jm2F5R,https://api.spotify.com/v1/tracks/5qBqBdfTEIWJwAS0Jm2F5R,https://api.spotify.com/v1/audio-analysis/5qBqBdfTEIWJwAS0Jm2F5R,229360,4
0.602,0.684,7,-8.021,1,0.029,0.103,0,0.175,0.961,133,audio_features,31A3oqQxDLdG9HRx45z62d,spotify:track:31A3oqQxDLdG9HRx45z62d,https://api.spotify.com/v1/tracks/31A3oqQxDLdG9HRx45z62d,https://api.spotify.com/v1/audio-analysis/31A3oqQxDLdG9HRx45z62d,158200,4
0.642,0.523,3,-8.579,1,0.11,0.772,0.00000326,0.527,0.654,101.635,audio_features,3QnHWkNMY2mpy494Bis0ly,spotify:track:3QnHWkNMY2mpy494Bis0ly,https://api.spotify.com/v1/tracks/3QnHWkNMY2mpy494Bis0ly,https://api.spotify.com/v1/audio-analysis/3QnHWkNMY2mpy494Bis0ly,185627,4
0.612,0.444,0,-12.752,1,0.0293,0.531,0,0.126,0.503,114.961,audio_features,52FlwUMMDnTK8TGkCag9Jd,spotify:track:52FlwUMMDnTK8TGkCag9Jd,https://api.spotify.com/v1/tracks/52FlwUMMDnTK8TGkCag9Jd,https://api.spotify.com/v1/audio-analysis/52FlwUMMDnTK8TGkCag9Jd,172907,4
0.838,0.171,4,-12.614,0,0.0729,0.23,0,0.11,0.397,135.925,audio_features,3aPlQWU07jGgyHaBHVS5TS,spotify:track:3aPlQWU07jGgyHaBHVS5TS,https://api.spotify.com/v1/tracks/3aPlQWU07jGgyHaBHVS5TS,https://api.spotify.com/v1/audio-analysis/3aPlQWU07jGgyHaBHVS5TS,199600,4
0.515,0.623,9,-5.597,1,0.036,0.359,0,0.274,0.643,64.253,audio_features,0obIo2GEab6qqms6t3JaMY,spotify:track:0obIo2GEab6qqms6t3JaMY,https://api.spotify.com/v1/tracks/0obIo2GEab6qqms6t3JaMY,https://api.spotify.com/v1/audio-analysis/0obIo2GEab6qqms6t3JaMY,143627,4
0.692,0.501,9,-11.708,1,0.0625,0.368,0,0.0393,0.961,128.388,audio_features,1Pq47iFLC5U7j8xeNiNcuS,spotify:track:1Pq47iFLC5U7j8xeNiNcuS,https://api.spotify.com/v1/tracks/1Pq47iFLC5U7j8xeNiNcuS,https://api.spotify.com/v1/audio-analysis/1Pq47iFLC5U7j8xeNiNcuS,140000,4
0.19,0.323,7,-12.405,1,0.0303,0.626,0.00000217,0.176,0.281,94.34,audio_features,6yMGxqKj0218mFR5KqsMRq,spotify:track:6yMGxqKj0218mFR5KqsMRq,https://api.spotify.com/v1/tracks/6yMGxqKj0218mFR5KqsMRq,https://api.spotify.com/v1/audio-analysis/6yMGxqKj0218mFR5KqsMRq,219560,4
0.514,0.624,0,-9.287,0,0.0842,0.513,0.00517,0.307,0.755,166.726,audio_features,3VgrSJEKBRT3xmwzpaxxEF,spotify:track:3VgrSJEKBRT3xmwzpaxxEF,https://api.spotify.com/v1/tracks/3VgrSJEKBRT3xmwzpaxxEF,https://api.spotify.com/v1/audio-analysis/3VgrSJEKBRT3xmwzpaxxEF,163053,4
0.515,0.641,5,-5.573,1,0.0272,0.567,0.0642,0.322,0.655,109.558,audio_features,1BmVQ5RGqqtF5cnsv6cQYu,spotify:track:1BmVQ5RGqqtF5cnsv6cQYu,https://api.spotify.com/v1/tracks/1BmVQ5RGqqtF5cnsv6cQYu,https://api.spotify.com/v1/audio-analysis/1BmVQ5RGqqtF5cnsv6cQYu,180253,4
0.586,0.253,6,-11.93,0,0.0538,0.604,0,0.3,0.718,108.168,audio_features,7fQ3PYTYdu208fQ3JEm2U7,spotify:track:7fQ3PYTYdu208fQ3JEm2U7,https://api.spotify.com/v1/tracks/7fQ3PYTYdu208fQ3JEm2U7,https://api.spotify.com/v1/audio-analysis/7fQ3PYTYdu208fQ3JEm2U7,147293,1
0.521,0.487,6,-7.525,0,0.0299,0.253,0,0.0579,0.483,117.072,audio_features,6iGU74CwXuT4XVepjc9Emf,spotify:track:6iGU74CwXuT4XVepjc9Emf,https://api.spotify.com/v1/tracks/6iGU74CwXuT4XVepjc9Emf,https://api.spotify.com/v1/audio-analysis/6iGU74CwXuT4XVepjc9Emf,173040,4
0.716,0.556,1,-13.917,1,0.0406,0.111,0.0076,0.0422,0.8,108.828,audio_features,7gaQtc0vrSpmRJpSMDiPEk,spotify:track:7gaQtc0vrSpmRJpSMDiPEk,https://api.spotify.com/v1/tracks/7gaQtc0vrSpmRJpSMDiPEk,https://api.spotify.com/v1/audio-analysis/7gaQtc0vrSpmRJpSMDiPEk,383440,4
