danceability,energy,key,loudness,mode,speechiness,acousticness,instrumentalness,liveness,valence,tempo,type,id,uri,track_href,analysis_url,duration_ms,time_signature
0.82,0.528,9,-11.179,1,0.0321,0.111,0.0186,0.257,0.931,120.091,audio_features,3ZpQiJ78LKINrW9SQTgbXd,spotify:track:3ZpQiJ78LKINrW9SQTgbXd,https://api.spotify.com/v1/tracks/3ZpQiJ78LKINrW9SQTgbXd,https://api.spotify.com/v1/audio-analysis/3ZpQiJ78LKINrW9SQTgbXd,272107,4
0.515,0.43,7,-9.935,1,0.0372,0.0097,0.000133,0.129,0.104,91.844,audio_features,70LcF31zb1H0PyJoS1Sx1r,spotify:track:70LcF31zb1H0PyJoS1Sx1r,https://api.spotify.com/v1/tracks/70LcF31zb1H0PyJoS1Sx1r,https://api.spotify.com/v1/audio-analysis/70LcF31zb1H0PyJoS1Sx1r,238640,4
0.647,0.514,8,-10.05,1,0.0593,0.0655,0,0.398,0.386,79.975,audio_features,1DIXPcTDzTj8ZMHt3PDt8p,spotify:track:1DIXPcTDzTj8ZMHt3PDt8p,https://api.spotify.com/v1/tracks/1DIXPcTDzTj8ZMHt3PDt8p,https://api.spotify.com/v1/audio-analysis/1DIXPcTDzTj8ZMHt3PDt8p,240693,4
0.812,0.879,1,-10.998,0,0.0397,0.0167,0.224,0.366,0.962,129.991,audio_features,5ZrDlcxIDZyjOzHdYW1ydr,spotify:track:5ZrDlcxIDZyjOzHdYW1ydr,https://api.spotify.com/v1/tracks/5ZrDlcxIDZyjOzHdYW1ydr,https://api.spotify.com/v1/audio-analysis/5ZrDlcxIDZyjOzHdYW1ydr,197960,4
0.666,0.855,9,-5.051,0,0.0295,0.179,0.0000012,0.0987,0.803,125.639,audio_features,31AOj9sFz2gM0O3hMARRBx,spotify:track:31AOj9sFz2gM0O3hMARRBx,https://api.spotify.com/v1/tracks/31AOj9sFz2gM0O3hMARRBx,https://api.spotify.com/v1/audio-analysis/31AOj9sFz2gM0O3hMARRBx,268427,4
0.315,0.715,11,-8.072,0,0.0362,0.00125,0.00000797,0.0942,0.497,155.925,audio_features,6Qyc6fS4DsZjB2mRW9DsQs,spotify:track:6Qyc6fS4DsZjB2mRW9DsQs,https://api.spotify.com/v1/tracks/6Qyc6fS4DsZjB2mRW9DsQs,https://api.spotify.com/v1/audio-analysis/6Qyc6fS4DsZjB2mRW9DsQs,289533,3
0.502,0.89,4,-5.175,1,0.0364,0.000147,0.0117,0.217,0.259,133.52,audio_features,57bgtoPSgt236HzfBOd8kj,spotify:track:57bgtoPSgt236HzfBOd8kj,https://api.spotify.com/v1/tracks/57bgtoPSgt236HzfBOd8kj,https://api.spotify.com/v1/audio-analysis/57bgtoPSgt236HzfBOd8kj,292880,4
0.592,0.767,9,-2.788,0,0.027,0.0021,0.00165,0.127,0.328,96.483,audio_features,48UPSzbZjgc449aqz8bxox,spotify:track:48UPSzbZjgc449aqz8bxox,https://api.spotify.com/v1/tracks/48UPSzbZjgc449aqz8bxox,https://api.spotify.com/v1/audio-analysis/48UPSzbZjgc449aqz8bxox,329733,4
0.309,0.649,7,-8.994,1,0.035,0.0158,0.00591,0.367,0.312,166.915,audio_features,7EZC6E7UjZe63f1jRmkWxt,spotify:track:7EZC6E7UjZe63f1jRmkWxt,https://api.spotify.com/v1/tracks/7EZC6E7UjZe63f1jRmkWxt,https://api.spotify.com/v1/audio-analysis/7EZC6E7UjZe63f1jRmkWxt,306440,4
0.543,0.681,7,-7.091,1,0.0289,0.0482,0.0000843,0.104,0.292,95.415,audio_features,5XrfFo0JFOnWD9ZMNXGkQh,spotify:track:5XrfFo0JFOnWD9ZMNXGkQh,https://api.spotify.com/v1/tracks/5XrfFo0JFOnWD9ZMNXGkQh,https://api.spotify.com/v1/audio-analysis/5XrfFo0JFOnWD9ZMNXGkQh,323400,4
0.434,0.897,0,-4.918,1,0.0488,0.0103,0,0.612,0.684,148.726,audio_features,2m1hi0nfMR9vdGC8UcrnwU,spotify:track:2m1hi0nfMR9vdGC8UcrnwU,https://api.spotify.com/v1/tracks/2m1hi0nfMR9vdGC8UcrnwU,https://api.spotify.com/v1/audio-analysis/2m1hi0nfMR9vdGC8UcrnwU,167067,4
0.816,0.775,11,-3.323,1,0.234,0.16,0.00031,0.0543,0.527,93.431,audio_features,503OTo2dSqe7qk76rgsbep,spotify:track:503OTo2dSqe7qk76rgsbep,https://api.spotify.com/v1/tracks/503OTo2dSqe7qk76rgsbep,https://api.spotify.com/v1/audio-analysis/503OTo2dSqe7qk76rgsbep,270587,4
0.442,0.943,3,-3.205,1,0.0602,0.00293,0.00000871,0.091,0.781,85.064,audio_features,6L89mwZXSOwYl76YXfX13s,spotify:track:6L89mwZXSOwYl76YXfX13s,https://api.spotify.com/v1/tracks/6L89mwZXSOwYl76YXfX13s,https://api.spotify.com/v1/audio-analysis/6L89mwZXSOwYl76YXfX13s,181533,4
0.523,0.943,1,-4.203,1,0.0337,0.00704,0.0000381,0.0579,0.766,99.607,audio_features,4EchqUKQ3qAQuRNKmeIpnf,spotify:track:4EchqUKQ3qAQuRNKmeIpnf,https://api.spotify.com/v1/tracks/4EchqUKQ3qAQuRNKmeIpnf,https://api.spotify.com/v1/audio-analysis/4EchqUKQ3qAQuRNKmeIpnf,180160,4
0.689,0.694,6,-5.83,0,0.027,0.257,0,0.148,0.482,99.039,audio_features,47BBI51FKFwOMlIiX6m8ya,spotify:track:47BBI51FKFwOMlIiX6m8ya,https://api.spotify.com/v1/tracks/47BBI51FKFwOMlIiX6m8ya,https://api.spotify.com/v1/audio-analysis/47BBI51FKFwOMlIiX6m8ya,213307,4
0.565,0.564,2,-10.044,1,0.0292,0.161,0,0.114,0.454,134.355,audio_features,0jWgAnTrNZmOGmqgvHhZEm,spotify:track:0jWgAnTrNZmOGmqgvHhZEm,https://api.spotify.com/v1/tracks/0jWgAnTrNZmOGmqgvHhZEm,https://api.spotify.com/v1/audio-analysis/0jWgAnTrNZmOGmqgvHhZEm,295533,4
0.768,0.864,11,-6.145,1,0.0324,0.101,0,0.162,0.891,110.008,audio_features,1Je1IMUlBXcx1Fz0WE7oPT,spotify:track:1Je1IMUlBXcx1Fz0WE7oPT,https://api.spotify.com/v1/tracks/1Je1IMUlBXcx1Fz0WE7oPT,https://api.spotify.com/v1/audio-analysis/1Je1IMUlBXcx1Fz0WE7oPT,173027,4
0.559,0.345,4,-13.496,1,0.0459,0.0576,0.000105,0.141,0.458,84.581,audio_features,3d9DChrdc6BOeFsbrZ3Is0,spotify:track:3d9DChrdc6BOeFsbrZ3Is0,https://api.spotify.com/v1/tracks/3d9DChrdc6BOeFsbrZ3Is0,https://api.spotify.com/v1/audio-analysis/3d9DChrdc6BOeFsbrZ3Is0,264307,4
0.743,0.675,8,-4.267,0,0.0953,0.0251,0.000717,0.0685,0.59,92.909,audio_features,1KGi9sZVMeszgZOWivFpxs,spotify:track:1KGi9sZVMeszgZOWivFpxs,https://api.spotify.com/v1/tracks/1KGi9sZVMeszgZOWivFpxs,https://api.spotify.com/v1/audio-analysis/1KGi9sZVMeszgZOWivFpxs,214400,4
0.42,0.33,9,-13.925,1,0.0275,0.245,0.000679,0.0677,0.175,157.143,audio_features,1LzNfuep1bnAUR9skqdHCK,spotify:track:1LzNfuep1bnAUR9skqdHCK,https://api.spotify.com/v1/tracks/1LzNfuep1bnAUR9skqdHCK,https://api.spotify.com/v1/audio-analysis/1LzNfuep1bnAUR9skqdHCK,295600,3
0.526,0.749,3,-6.964,1,0.0283,0.023,0.00000176,0.0692,0.421,99.982,audio_features,754kgU5rWscRTfvlsuEwFp,spotify:track:754kgU5rWscRTfvlsuEwFp,https://api.spotify.com/v1/tracks/754kgU5rWscRTfvlsuEwFp,https://api.spotify.com/v1/audio-analysis/754kgU5rWscRTfvlsuEwFp,208680,4
0.475,0.432,7,-7.844,1,0.0302,0.183,0,0.161,0.648,94.605,audio_features,6ORqU0bHbVCRjXm9AjyHyZ,spotify:track:6ORqU0bHbVCRjXm9AjyHyZ,https://api.spotify.com/v1/tracks/6ORqU0bHbVCRjXm9AjyHyZ,https://api.spotify.com/v1/audio-analysis/6ORqU0bHbVCRjXm9AjyHyZ,153467,4
0.674,0.789,8,-6.903,1,0.0676,0.00178,0.00708,0.0753,0.918,129.802,audio_features,1FTSo4v6BOZH9QxKc3MbVM,spotify:track:1FTSo4v6BOZH9QxKc3MbVM,https://api.spotify.com/v1/tracks/1FTSo4v6BOZH9QxKc3MbVM,https://api.spotify.com/v1/audio-analysis/1FTSo4v6BOZH9QxKc3MbVM,121160,4
0.356,0.917,9,-6.006,1,0.0479,0.0335,0,0.406,0.518,171.176,audio_features,57iDDD9N9tTWe75x6qhStw,spotify:track:57iDDD9N9tTWe75x6qhStw,https://api.spotify.com/v1/tracks/57iDDD9N9tTWe75x6qhStw,https://api.spotify.com/v1/audio-analysis/57iDDD9N9tTWe75x6qhStw,357267,4
0.595,0.717,0,-4.803,1,0.0295,0.0779,0.00274,0.108,0.547,88.969,audio_features,1G391cbiT3v3Cywg8T7DM1,spotify:track:1G391cbiT3v3Cywg8T7DM1,https://api.spotify.com/v1/tracks/1G391cbiT3v3Cywg8T7DM1,https://api.spotify.com/v1/audio-analysis/1G391cbiT3v3Cywg8T7DM1,215907,4
0.759,0.699,0,-5.745,0,0.0307,0.202,0.000131,0.443,0.907,92.96,audio_features,3MjUtNVVq3C8Fn0MP3zhXa,spotify:track:3MjUtNVVq3C8Fn0MP3zhXa,https://api.spotify.com/v1/tracks/3MjUtNVVq3C8Fn0MP3zhXa,https://api.spotify.com/v1/audio-analysis/3MjUtNVVq3C8Fn0MP3zhXa,211067,4
0.731,0.867,11,-5.881,1,0.032,0.0395,0,0.0861,0.776,104.019,audio_features,3cfOd4CMv2snFaKAnMdnvK,spotify:track:3cfOd4CMv2snFaKAnMdnvK,https://api.spotify.com/v1/tracks/3cfOd4CMv2snFaKAnMdnvK,https://api.spotify.com/v1/audio-analysis/3cfOd4CMv2snFaKAnMdnvK,200373,4
0.704,0.636,9,-6.029,1,0.0252,0.0344,0,0.35,0.89,111.845,audio_features,7aQjPecQdIuNd1sz3KCDhD,spotify:track:7aQjPecQdIuNd1sz3KCDhD,https://api.spotify.com/v1/tracks/7aQjPecQdIuNd1sz3KCDhD,https://api.spotify.com/v1/audio-analysis/7aQjPecQdIuNd1sz3KCDhD,193953,4
0.391,0.951,6,-7.419,1,0.0692,0.0126,0.000378,0.0878,0.468,157.66,audio_features,4LJhJ6DQS7NwE7UKtvcM52,spotify:track:4LJhJ6DQS7NwE7UKtvcM52,https://api.spotify.com/v1/tracks/4LJhJ6DQS7NwE7UKtvcM52,https://api.spotify.com/v1/audio-analysis/4LJhJ6DQS7NwE7UKtvcM52,148360,4
0.294,0.641,11,-9.316,1,0.0291,0.0163,0.22,0.112,0.226,79.759,audio_features,3YRCqOhFifThpSRFJ1VWFM,spotify:track:3YRCqOhFifThpSRFJ1VWFM,https://api.spotify.com/v1/tracks/3YRCqOhFifThpSRFJ1VWFM,https://api.spotify.com/v1/audio-analysis/3YRCqOhFifThpSRFJ1VWFM,536067,4
0.452,0.524,0,-10.108,1,0.0351,0.315,0,0.103,0.246,151.505,audio_features,3ovjw5HZZv43SxTwApooCM,spotify:track:3ovjw5HZZv43SxTwApooCM,https://api.spotify.com/v1/tracks/3ovjw5HZZv43SxTwApooCM,https://api.spotify.com/v1/audio-analysis/3ovjw5HZZv43SxTwApooCM,312360,4
0.578,0.817,0,-6.542,1,0.0363,0.183,0.00000306,0.285,0.726,141.621,audio_features,5DiXcVovI0FcY2s0icWWUu,spotify:track:5DiXcVovI0FcY2s0icWWUu,https://api.spotify.com/v1/tracks/5DiXcVovI0FcY2s0icWWUu,https://api.spotify.com/v1/audio-analysis/5DiXcVovI0FcY2s0icWWUu,272293,4
0.704,0.861,2,-4.221,0,0.0493,0.587,0.0615,0.0992,0.636,128.99,audio_features,3u5N55tHf7hXATSQrjBh2q,spotify:track:3u5N55tHf7hXATSQrjBh2q,https://api.spotify.com/v1/tracks/3u5N55tHf7hXATSQrjBh2q,https://api.spotify.com/v1/audio-analysis/3u5N55tHf7hXATSQrjBh2q,213394,4
0.458,0.795,0,-3.265,1,0.0574,0.00316,0.000202,0.0756,0.513,123.229,audio_features,64BbK9SFKH2jk86U3dGj2P,spotify:track:64BbK9SFKH2jk86U3dGj2P,https://api.spotify.com/v1/tracks/64BbK9SFKH2jk86U3dGj2P,https://api.spotify.com/v1/audio-analysis/64BbK9SFKH2jk86U3dGj2P,255373,4
0.256,0.641,1,-10.283,1,0.0552,0.199,0.0329,0.0853,0.382,203.006,audio_features,11LmqTE2naFULdEP94AUBa,spotify:track:11LmqTE2naFULdEP94AUBa,https://api.spotify.com/v1/tracks/11LmqTE2naFULdEP94AUBa,https://api.spotify.com/v1/audio-analysis/11LmqTE2naFULdEP94AUBa,281160,4
0.853,0.606,0,-4.596,1,0.0713,0.0561,0,0.313,0.654,94.759,audio_features,3WkibOpDF7cQ5xntM1epyf,spotify:track:3WkibOpDF7cQ5xntM1epyf,https://api.spotify.com/v1/tracks/3WkibOpDF7cQ5xntM1epyf,https://api.spotify.com/v1/audio-analysis/3WkibOpDF7cQ5xntM1epyf,227600,4
0.439,0.434,7,-14.918,1,0.0265,0.0783,0.0000487,0.14,0.204,94.845,audio_features,0gEyKnHvgkrkBM6fbeHdwK,spotify:track:0gEyKnHvgkrkBM6fbeHdwK,https://api.spotify.com/v1/tracks/0gEyKnHvgkrkBM6fbeHdwK,https://api.spotify.com/v1/audio-analysis/0gEyKnHvgkrkBM6fbeHdwK,274707,4
0.496,0.739,6,-7.193,1,0.0415,0.0211,0.00444,0.106,0.378,132.41,audio_features,4JiEyzf0Md7KEFFGWDDdCr,spotify:track:4JiEyzf0Md7KEFFGWDDdCr,https://api.spotify.com/v1/tracks/4JiEyzf0Md7KEFFGWDDdCr,https://api.spotify.com/v1/audio-analysis/4JiEyzf0Md7KEFFGWDDdCr,336000,4
0.663,0.296,9,-18.09,1,0.0294,0.68,0.00837,0.0879,0.359,112.306,audio_features,7w5AOd6HrDIHewHfpABEss,spotify:track:7w5AOd6HrDIHewHfpABEss,https://api.spotify.com/v1/tracks/7w5AOd6HrDIHewHfpABEss,https://api.spotify.com/v1/audio-analysis/7w5AOd6HrDIHewHfpABEss,289067,4
0.652,0.917,6,-6.72,1,0.0548,0.0082,0,0.0509,0.459,132.975,audio_features,2goLsvvODILDzeeiT4dAoR,spotify:track:2goLsvvODILDzeeiT4dAoR,https://api.spotify.com/v1/tracks/2goLsvvODILDzeeiT4dAoR,https://api.spotify.com/v1/audio-analysis/2goLsvvODILDzeeiT4dAoR,239027,4
0.682,0.765,1,-5.021,0,0.0395,0.0268,0.0000342,0.188,0.567,90.807,audio_features,2hnMS47jN0etwvFPzYk11f,spotify:track:2hnMS47jN0etwvFPzYk11f,https://api.spotify.com/v1/tracks/2hnMS47jN0etwvFPzYk11f,https://api.spotify.com/v1/audio-analysis/2hnMS47jN0etwvFPzYk11f,182747,4
0.867,0.646,1,-4.674,0,0.288,0.303,0,0.279,0.67,88.634,audio_features,6MdqqkQ8sSC0WB4i8PyRuQ,spotify:track:6MdqqkQ8sSC0WB4i8PyRuQ,https://api.spotify.com/v1/tracks/6MdqqkQ8sSC0WB4i8PyRuQ,https://api.spotify.com/v1/audio-analysis/6MdqqkQ8sSC0WB4i8PyRuQ,304600,4
0.52,0.709,5,-7.125,0,0.0352,0.247,0.0000178,0.18,0.536,76.039,audio_features,6urCAbunOQI4bLhmGpX7iS,spotify:track:6urCAbunOQI4bLhmGpX7iS,https://api.spotify.com/v1/tracks/6urCAbunOQI4bLhmGpX7iS,https://api.spotify.com/v1/audio-analysis/6urCAbunOQI4bLhmGpX7iS,263560,4
0.531,0.909,11,-4.236,1,0.034,0.0175,0,0.231,0.814,97.546,audio_features,1Dr1fXbc2IxaK1Mu8P8Khz,spotify:track:1Dr1fXbc2IxaK1Mu8P8Khz,https://api.spotify.com/v1/tracks/1Dr1fXbc2IxaK1Mu8P8Khz,https://api.spotify.com/v1/audio-analysis/1Dr1fXbc2IxaK1Mu8P8Khz,178000,4
0.502,0.912,1,-4.556,1,0.0564,0.0000255,0.000173,0.106,0.72,116.761,audio_features,5ghIJDpPoe3CfHMGu71E6T,spotify:track:5ghIJDpPoe3CfHMGu71E6T,https://api.spotify.com/v1/tracks/5ghIJDpPoe3CfHMGu71E6T,https://api.spotify.com/v1/audio-analysis/5ghIJDpPoe3CfHMGu71E6T,301920,4
0.488,0.862,0,-7.595,1,0.0476,0.0204,0,0.359,0.706,104.56,audio_features,1FkoVC85Ds3mFoK0fVqEqP,spotify:track:1FkoVC85Ds3mFoK0fVqEqP,https://api.spotify.com/v1/tracks/1FkoVC85Ds3mFoK0fVqEqP,https://api.spotify.com/v1/audio-analysis/1FkoVC85Ds3mFoK0fVqEqP,257827,4
0.765,0.29,4,-17.117,0,0.139,0.0279,0,0.571,0.506,92.409,audio_features,0Q0IVlqMV64kNLlwjPj0Hl,spotify:track:0Q0IVlqMV64kNLlwjPj0Hl,https://api.spotify.com/v1/tracks/0Q0IVlqMV64kNLlwjPj0Hl,https://api.spotify.com/v1/audio-analysis/0Q0IVlqMV64kNLlwjPj0Hl,298773,4
0.777,0.601,2,-5.931,1,0.126,0.0406,0.00201,0.0348,0.68,97.911,audio_features,3XKIUb7HzIF1Vu9usunMzc,spotify:track:3XKIUb7HzIF1Vu9usunMzc,https://api.spotify.com/v1/tracks/3XKIUb7HzIF1Vu9usunMzc,https://api.spotify.com/v1/audio-analysis/3XKIUb7HzIF1Vu9usunMzc,261973,4
0.456,0.59,11,-8.638,1,0.0327,0.00182,0.00379,0.104,0.243,124.635,audio_features,2N2yrmodOnVF10mKvItC9P,spotify:track:2N2yrmodOnVF10mKvItC9P,https://api.spotify.com/v1/tracks/2N2yrmodOnVF10mKvItC9P,https://api.spotify.com/v1/audio-analysis/2N2yrmodOnVF10mKvItC9P,283733,4
0.669,0.727,7,-7.588,1,0.0353,0.139,0,0.123,0.807,102.322,audio_features,6xkryXuiZU360Lngd4sx13,spotify:track:6xkryXuiZU360Lngd4sx13,https://api.spotify.com/v1/tracks/6xkryXuiZU360Lngd4sx13,https://api.spotify.com/v1/audio-analysis/6xkryXuiZU360Lngd4sx13,243493,4
0.394,0.944,10,-6.506,0,0.0761,0.00178,0.00000454,0.298,0.265,105.338,audio_features,6QewNVIDKdSl8Y3ycuHIei,spotify:track:6QewNVIDKdSl8Y3ycuHIei,https://api.spotify.com/v1/tracks/6QewNVIDKdSl8Y3ycuHIei,https://api.spotify.com/v1/audio-analysis/6QewNVIDKdSl8Y3ycuHIei,292581,4
0.767,0.787,3,-9.897,1,0.0331,0.0163,0.583,0.0513,0.964,126.879,audio_features,5QLHGv0DfpeXLNFo7SFEy1,spotify:track:5QLHGv0DfpeXLNFo7SFEy1,https://api.spotify.com/v1/tracks/5QLHGv0DfpeXLNFo7SFEy1,https://api.spotify.com/v1/audio-analysis/5QLHGv0DfpeXLNFo7SFEy1,266200,4
0.375,0.893,2,-4.097,1,0.0406,0.000509,0,0.187,0.434,174.323,audio_features,7ygpwy2qP3NbrxVkHvUhXY,spotify:track:7ygpwy2qP3NbrxVkHvUhXY,https://api.spotify.com/v1/tracks/7ygpwy2qP3NbrxVkHvUhXY,https://api.spotify.com/v1/audio-analysis/7ygpwy2qP3NbrxVkHvUhXY,258773,4
0.465,0.919,4,-4.025,1,0.0408,0.0000183,0.0000207,0.262,0.537,135.997,audio_features,5OQsiBsky2k2kDKy2bX2eT,spotify:track:5OQsiBsky2k2kDKy2bX2eT,https://api.spotify.com/v1/tracks/5OQsiBsky2k2kDKy2bX2eT,https://api.spotify.com/v1/audio-analysis/5OQsiBsky2k2kDKy2bX2eT,235293,4
0.332,0.214,4,-12.518,1,0.0349,0.845,0.00000562,0.0839,0.11,67.531,audio_features,4eHbdreAnSOrDDsFfc4Fpm,spotify:track:4eHbdreAnSOrDDsFfc4Fpm,https://api.spotify.com/v1/tracks/4eHbdreAnSOrDDsFfc4Fpm,https://api.spotify.com/v1/audio-analysis/4eHbdreAnSOrDDsFfc4Fpm,271093,4
0.669,0.821,11,-4.37,0,0.29,0.00182,0,0.147,0.684,94.895,audio_features,5Tbpp3OLLClPJF8t1DmrFD,spotify:track:5Tbpp3OLLClPJF8t1DmrFD,https://api.spotify.com/v1/tracks/5Tbpp3OLLClPJF8t1DmrFD,https://api.spotify.com/v1/audio-analysis/5Tbpp3OLLClPJF8t1DmrFD,237573,4
0.35,0.828,6,-5.373,1,0.041,0.000217,0.000161,0.0774,0.147,105.435,audio_features,2EoOZnxNgtmZaD8uUmz2nD,spotify:track:2EoOZnxNgtmZaD8uUmz2nD,https://api.spotify.com/v1/tracks/2EoOZnxNgtmZaD8uUmz2nD,https://api.spotify.com/v1/audio-analysis/2EoOZnxNgtmZaD8uUmz2nD,318587,4
0.52,0.652,5,-6.655,1,0.0274,0.34,0.0000549,0.256,0.722,80.609,audio_features,6kvoHl80mfCVTv7XnZkjQn,spotify:track:6kvoHl80mfCVTv7XnZkjQn,https://api.spotify.com/v1/tracks/6kvoHl80mfCVTv7XnZkjQn,https://api.spotify.com/v1/audio-analysis/6kvoHl80mfCVTv7XnZkjQn,258787,4
0.575,0.886,5,-5.182,1,0.034,0.0647,0.000187,0.709,0.609,96.31,audio_features,1Jaah2tmN9Hv81A87KZ1MU,spotify:track:1Jaah2tmN9Hv81A87KZ1MU,https://api.spotify.com/v1/tracks/1Jaah2tmN9Hv81A87KZ1MU,https://api.spotify.com/v1/audio-analysis/1Jaah2tmN9Hv81A87KZ1MU,244667,4
0.5,0.824,4,-5.846,0,0.0388,0.00016,0.00161,0.0916,0.539,120.125,audio_features,4P5KoWXOxwuobLmHXLMobV,spotify:track:4P5KoWXOxwuobLmHXLMobV,https://api.spotify.com/v1/tracks/4P5KoWXOxwuobLmHXLMobV,https://api.spotify.com/v1/audio-analysis/4P5KoWXOxwuobLmHXLMobV,218920,4
0.36,0.501,7,-9.129,1,0.0258,0.0638,0.0000932,0.172,0.324,74.807,audio_features,63OQupATfueTdZMWTxW03A,spotify:track:63OQupATfueTdZMWTxW03A,https://api.spotify.com/v1/tracks/63OQupATfueTdZMWTxW03A,https://api.spotify.com/v1/audio-analysis/63OQupATfueTdZMWTxW03A,264067,4
0.535,0.505,2,-8.926,0,0.245,0.0393,0,0.0923,0.495,99.935,audio_features,0uEp9E98JB5awlA084uaIg,spotify:track:0uEp9E98JB5awlA084uaIg,https://api.spotify.com/v1/tracks/0uEp9E98JB5awlA084uaIg,https://api.spotify.com/v1/audio-analysis/0uEp9E98JB5awlA084uaIg,320267,4
0.671,0.882,8,-6.149,0,0.0552,0.00181,0.667,0.285,0.787,136.955,audio_features,5XVjNRubJUW0iPhhSWpLCj,spotify:track:5XVjNRubJUW0iPhhSWpLCj,https://api.spotify.com/v1/tracks/5XVjNRubJUW0iPhhSWpLCj,https://api.spotify.com/v1/audio-analysis/5XVjNRubJUW0iPhhSWpLCj,214883,4
0.392,0.534,0,-8.793,1,0.0369,0.245,0.00104,0.155,0.325,181.305,audio_features,3G69vJMWsX6ZohTykad2AU,spotify:track:3G69vJMWsX6ZohTykad2AU,https://api.spotify.com/v1/tracks/3G69vJMWsX6ZohTykad2AU,https://api.spotify.com/v1/audio-analysis/3G69vJMWsX6ZohTykad2AU,276187,4
0.622,0.807,5,-6.752,0,0.408,0.103,0,0.306,0.892,174.06,audio_features,6x4tKaOzfNJpEJHySoiJcs,spotify:track:6x4tKaOzfNJpEJHySoiJcs,https://api.spotify.com/v1/tracks/6x4tKaOzfNJpEJHySoiJcs,https://api.spotify.com/v1/audio-analysis/6x4tKaOzfNJpEJHySoiJcs,220293,4
0.621,0.901,2,-5.396,1,0.0302,0.17,0,0.0875,0.744,113.967,audio_features,1Cwsd5xI8CajJz795oy4XF,spotify:track:1Cwsd5xI8CajJz795oy4XF,https://api.spotify.com/v1/tracks/1Cwsd5xI8CajJz795oy4XF,https://api.spotify.com/v1/audio-analysis/1Cwsd5xI8CajJz795oy4XF,300773,4
0.398,0.927,9,-4.212,1,0.0567,0.000062,0.000177,0.0575,0.311,77.106,audio_features,4dVbhS6OiYvFikshyaQaCN,spotify:track:4dVbhS6OiYvFikshyaQaCN,https://api.spotify.com/v1/tracks/4dVbhS6OiYvFikshyaQaCN,https://api.spotify.com/v1/audio-analysis/4dVbhS6OiYvFikshyaQaCN,260027,4
0.419,0.383,4,-11.782,1,0.0256,0.0724,0.0176,0.0896,0.35,87.568,audio_features,2a1iMaoWQ5MnvLFBDv4qkf,spotify:track:2a1iMaoWQ5MnvLFBDv4qkf,https://api.spotify.com/v1/tracks/2a1iMaoWQ5MnvLFBDv4qkf,https://api.spotify.com/v1/audio-analysis/2a1iMaoWQ5MnvLFBDv4qkf,257480,4
0.512,0.574,5,-7.016,1,0.0273,0.0425,0.0000231,0.105,0.161,119.917,audio_features,5GHY1DFWKz3Prg2V0Iodqo,spotify:track:5GHY1DFWKz3Prg2V0Iodqo,https://api.spotify.com/v1/tracks/5GHY1DFWKz3Prg2V0Iodqo,https://api.spotify.com/v1/audio-analysis/5GHY1DFWKz3Prg2V0Iodqo,280040,4
0.566,0.834,6,-8.412,0,0.0298,0.00277,0.008,0.0625,0.621,123.296,audio_features,3VqHuw0wFlIHcIPWkhIbdQ,spotify:track:3VqHuw0wFlIHcIPWkhIbdQ,https://api.spotify.com/v1/tracks/3VqHuw0wFlIHcIPWkhIbdQ,https://api.spotify.com/v1/audio-analysis/3VqHuw0wFlIHcIPWkhIbdQ,331560,4
0.798,0.625,11,-9.689,1,0.0548,0.00547,0.0000798,0.103,0.858,93.764,audio_features,6kWJvPfC4DgUpRsXKNa9z9,spotify:track:6kWJvPfC4DgUpRsXKNa9z9,https://api.spotify.com/v1/tracks/6kWJvPfC4DgUpRsXKNa9z9,https://api.spotify.com/v1/audio-analysis/6kWJvPfC4DgUpRsXKNa9z9,211213,4
0.389,0.476,9,-9.342,1,0.0316,0.619,0.0000509,0.255,0.566,148.117,audio_features,6txWz9UapYHVxEd7dDIHXT,spotify:track:6txWz9UapYHVxEd7dDIHXT,https://api.spotify.com/v1/tracks/6txWz9UapYHVxEd7dDIHXT,https://api.spotify.com/v1/audio-analysis/6txWz9UapYHVxEd7dDIHXT,217107,4
0.715,0.833,2,-5.379,1,0.108,0.00631,0,0.164,0.612,95.487,audio_features,3jDdpx9PMlfMBS5tOBHFm9,spotify:track:3jDdpx9PMlfMBS5tOBHFm9,https://api.spotify.com/v1/tracks/3jDdpx9PMlfMBS5tOBHFm9,https://api.spotify.com/v1/audio-analysis/3jDdpx9PMlfMBS5tOBHFm9,213093,4
0.483,0.753,1,-8.937,0,0.0832,0.425,0.000142,0.257,0.42,115.102,audio_features,15VRO9CQwMpbqUYA7e6Hwg,spotify:track:15VRO9CQwMpbqUYA7e6Hwg,https://api.spotify.com/v1/tracks/15VRO9CQwMpbqUYA7e6Hwg,https://api.spotify.com/v1/audio-analysis/15VRO9CQwMpbqUYA7e6Hwg,261093,4
0.663,0.477,1,-8.839,1,0.0414,0.644,0,0.122,0.643,143.173,audio_features,1yr9HpAu3prvxmq783ZELn,spotify:track:1yr9HpAu3prvxmq783ZELn,https://api.spotify.com/v1/tracks/1yr9HpAu3prvxmq783ZELn,https://api.spotify.com/v1/audio-analysis/1yr9HpAu3prvxmq783ZELn,191027,4
0.723,0.895,11,-3.707,0,0.102,0.088,0,0.0717,0.963,143.373,audio_features,3SFXsFpeGmBTtQvKiwYMDA,spotify:track:3SFXsFpeGmBTtQvKiwYMDA,https://api.spotify.com/v1/tracks/3SFXsFpeGmBTtQvKiwYMDA,https://api.spotify.com/v1/audio-analysis/3SFXsFpeGmBTtQvKiwYMDA,188667,4
0.383,0.659,4,-5.558,1,0.0312,0.117,0,0.0778,0.327,140.795,audio_features,2RChe0r2cMoyOvuKobZy44,spotify:track:2RChe0r2cMoyOvuKobZy44,https://api.spotify.com/v1/tracks/2RChe0r2cMoyOvuKobZy44,https://api.spotify.com/v1/audio-analysis/2RChe0r2cMoyOvuKobZy44,353027,4
0.284,0.875,11,-6.069,0,0.0422,0.00752,0.000461,0.402,0.595,75.009,audio_features,1L94M3KIu7QluZe63g64rv,spotify:track:1L94M3KIu7QluZe63g64rv,https://api.spotify.com/v1/tracks/1L94M3KIu7QluZe63g64rv,https://api.spotify.com/v1/audio-analysis/1L94M3KIu7QluZe63g64rv,340907,4
0.587,0.872,7,-5.066,1,0.0484,0.018,0,0.622,0.735,159.925,audio_features,1OxcIUqVmVYxT6427tbhDW,spotify:track:1OxcIUqVmVYxT6427tbhDW,https://api.spotify.com/v1/tracks/1OxcIUqVmVYxT6427tbhDW,https://api.spotify.com/v1/audio-analysis/1OxcIUqVmVYxT6427tbhDW,221333,4
0.865,0.665,7,-6.289,1,0.073,0.0453,0,0.224,0.331,111.113,audio_features,1ofhfV90EnYhEr7Un2fWiv,spotify:track:1ofhfV90EnYhEr7Un2fWiv,https://api.spotify.com/v1/tracks/1ofhfV90EnYhEr7Un2fWiv,https://api.spotify.com/v1/audio-analysis/1ofhfV90EnYhEr7Un2fWiv,268827,4
0.869,0.68,1,-6.233,1,0.318,0.0416,0.00000112,0.0914,0.815,85.519,audio_features,75IN3CtuZwTHTnZvYM4qnJ,spotify:track:75IN3CtuZwTHTnZvYM4qnJ,https://api.spotify.com/v1/tracks/75IN3CtuZwTHTnZvYM4qnJ,https://api.spotify.com/v1/audio-analysis/75IN3CtuZwTHTnZvYM4qnJ,268400,4
0.683,0.772,7,-7.907,0,0.0311,0.0222,0.0149,0.203,0.737,123.871,audio_features,2IHaGyfxNoFPLJnaEg4GTs,spotify:track:2IHaGyfxNoFPLJnaEg4GTs,https://api.spotify.com/v1/tracks/2IHaGyfxNoFPLJnaEg4GTs,https://api.spotify.com/v1/audio-analysis/2IHaGyfxNoFPLJnaEg4GTs,270373,4
0.425,0.954,1,-3.756,0,0.0476,0.00414,0,0.0555,0.933,178.043,audio_features,0Ph6L4l8dYUuXFmb71Ajnd,spotify:track:0Ph6L4l8dYUuXFmb71Ajnd,https://api.spotify.com/v1/tracks/0Ph6L4l8dYUuXFmb71Ajnd,https://api.spotify.com/v1/audio-analysis/0Ph6L4l8dYUuXFmb71Ajnd,243160,4
0.429,0.594,4,-6.251,1,0.0277,0.156,0.00000495,0.1,0.236,150.22,audio_features,1M2nd8jNUkkwrc1dgBPTJz,spotify:track:1M2nd8jNUkkwrc1dgBPTJz,https://api.spotify.com/v1/tracks/1M2nd8jNUkkwrc1dgBPTJz,https://api.spotify.com/v1/audio-analysis/1M2nd8jNUkkwrc1dgBPTJz,265000,4
0.845,0.884,6,-4.506,0,0.0759,0.0128,0.0000021,0.203,0.904,104.536,audio_features,4INDiWSKvqSKDEu7mh8HFz,spotify:track:4INDiWSKvqSKDEu7mh8HFz,https://api.spotify.com/v1/tracks/4INDiWSKvqSKDEu7mh8HFz,https://api.spotify.com/v1/audio-analysis/4INDiWSKvqSKDEu7mh8HFz,257400,4
0.404,0.72,10,-9.18,0,0.0623,0.0000559,0.836,0.0466,0.475,121.864,audio_features,6GtX0jaNL8IjVQfrDBx81z,spotify:track:6GtX0jaNL8IjVQfrDBx81z,https://api.spotify.com/v1/tracks/6GtX0jaNL8IjVQfrDBx81z,https://api.spotify.com/v1/audio-analysis/6GtX0jaNL8IjVQfrDBx81z,258467,4
0.769,0.505,1,-7.345,1,0.0829,0.311,0.0000749,0.0777,0.757,171.804,audio_features,6qspW4YKycviDFjHBOaqUY,spotify:track:6qspW4YKycviDFjHBOaqUY,https://api.spotify.com/v1/tracks/6qspW4YKycviDFjHBOaqUY,https://api.spotify.com/v1/audio-analysis/6qspW4YKycviDFjHBOaqUY,279507,4
0.584,0.533,10,-7.11,0,0.0305,0.684,0,0.306,0.224,131.745,audio_features,3YKptz29AsOlm7WAVnztBh,spotify:track:3YKptz29AsOlm7WAVnztBh,https://api.spotify.com/v1/tracks/3YKptz29AsOlm7WAVnztBh,https://api.spotify.com/v1/audio-analysis/3YKptz29AsOlm7WAVnztBh,288427,3
0.428,0.276,4,-11.729,1,0.0312,0.732,0.00000533,0.117,0.0382,99.195,audio_features,33LC84JgLvK2KuW43MfaNq,spotify:track:33LC84JgLvK2KuW43MfaNq,https://api.spotify.com/v1/tracks/33LC84JgLvK2KuW43MfaNq,https://api.spotify.com/v1/audio-analysis/33LC84JgLvK2KuW43MfaNq,280000,1
0.849,0.521,11,-12.999,0,0.216,0.304,0.00000165,0.115,0.763,95.265,audio_features,7nYvUtkQMx1v80S2FH2s9J,spotify:track:7nYvUtkQMx1v80S2FH2s9J,https://api.spotify.com/v1/tracks/7nYvUtkQMx1v80S2FH2s9J,https://api.spotify.com/v1/audio-analysis/7nYvUtkQMx1v80S2FH2s9J,248867,4
0.452,0.909,9,-3.977,1,0.0366,0.0313,0.0603,0.23,0.805,124.623,audio_features,1v2zyAJrChw5JnfafSkwkJ,spotify:track:1v2zyAJrChw5JnfafSkwkJ,https://api.spotify.com/v1/tracks/1v2zyAJrChw5JnfafSkwkJ,https://api.spotify.com/v1/audio-analysis/1v2zyAJrChw5JnfafSkwkJ,225787,4
0.725,0.583,1,-9.942,0,0.0427,0.3,0.000238,0.0665,0.762,79.984,audio_features,3yUcJwYu7fXAfqMj9krY6l,spotify:track:3yUcJwYu7fXAfqMj9krY6l,https://api.spotify.com/v1/tracks/3yUcJwYu7fXAfqMj9krY6l,https://api.spotify.com/v1/audio-analysis/3yUcJwYu7fXAfqMj9krY6l,218360,4
0.6,0.706,10,-7.899,0,0.361,0.209,0,0.125,0.58,173.926,audio_features,4IYKjN1DrYzxKXt0umJqsG,spotify:track:4IYKjN1DrYzxKXt0umJqsG,https://api.spotify.com/v1/tracks/4IYKjN1DrYzxKXt0umJqsG,https://api.spotify.com/v1/audio-analysis/4IYKjN1DrYzxKXt0umJqsG,253533,4
0.679,0.568,6,-10.74,1,0.0423,0.422,0.00928,0.322,0.93,159.69,audio_features,6VnpKLtfNH4Dk09YSGPSyR,spotify:track:6VnpKLtfNH4Dk09YSGPSyR,https://api.spotify.com/v1/tracks/6VnpKLtfNH4Dk09YSGPSyR,https://api.spotify.com/v1/audio-analysis/6VnpKLtfNH4Dk09YSGPSyR,242640,4
0.556,0.92,8,-4.606,1,0.0367,0.00271,0.00021,0.117,0.771,121.138,audio_features,3mwvKOyMmG77zZRunnxp9E,spotify:track:3mwvKOyMmG77zZRunnxp9E,https://api.spotify.com/v1/tracks/3mwvKOyMmG77zZRunnxp9E,https://api.spotify.com/v1/audio-analysis/3mwvKOyMmG77zZRunnxp9E,159227,4
0.64,0.864,7,-6.576,1,0.0314,0.00832,0,0.123,0.701,102.026,audio_features,42et6fnHCw1HIPSrdPprMl,spotify:track:42et6fnHCw1HIPSrdPprMl,https://api.spotify.com/v1/tracks/42et6fnHCw1HIPSrdPprMl,https://api.spotify.com/v1/audio-analysis/42et6fnHCw1HIPSrdPprMl,268360,4
0.633,0.8,1,-6.945,1,0.166,0.209,0.000123,0.137,0.913,175.716,audio_features,11mwFrKvLXCbcVGNxffGyP,spotify:track:11mwFrKvLXCbcVGNxffGyP,https://api.spotify.com/v1/tracks/11mwFrKvLXCbcVGNxffGyP,https://api.spotify.com/v1/audio-analysis/11mwFrKvLXCbcVGNxffGyP,217573,4
0.467,0.324,2,-10.451,1,0.0255,0.615,0.0248,0.118,0.166,94.301,audio_features,6PypGyiu0Y2lCDBN1XZEnP,spotify:track:6PypGyiu0Y2lCDBN1XZEnP,https://api.spotify.com/v1/tracks/6PypGyiu0Y2lCDBN1XZEnP,https://api.spotify.com/v1/audio-analysis/6PypGyiu0Y2lCDBN1XZEnP,320267,3
0.657,0.639,10,-7.527,1,0.0412,0.581,0,0.278,0.674,124.882,audio_features,6sxptembJVty4sNtcPMAVz,spotify:track:6sxptembJVty4sNtcPMAVz,https://api.spotify.com/v1/tracks/6sxptembJVty4sNtcPMAVz,https://api.spotify.com/v1/audio-analysis/6sxptembJVty4sNtcPMAVz,234493,4
0.42,0.672,6,-7.902,1,0.027,0.0067,0,0.108,0.476,168.019,audio_features,2KVwlelhxKUy8LVV6JypH3,spotify:track:2KVwlelhxKUy8LVV6JypH3,https://api.spotify.com/v1/tracks/2KVwlelhxKUy8LVV6JypH3,https://api.spotify.com/v1/audio-analysis/2KVwlelhxKUy8LVV6JypH3,238667,4
